index,userId
0,izone_yabukinako_
1,sakunako_
2,izone_yabukinako
3,39kkura_
4,sakunako_
5,sakunako_
6,48_peace
7,izone_yabukinako
8,nakochan.izone
9,nakochan.izone
10,izonebunnyhk
11,izonebunnyhk
12,izonebunnyhk
13,izonebunnyhk
14,izonebunnyhk
15,izonebunnyhk
16,izonebunnyhk
17,my_god_eunbi
18,yabukinako48_cherry
19,sakuxnako
20,yabukinako48_cherry
21,sakuxnako
22,sakuxnako
23,yabukinakohk
24,ekafumi_lp4648
25,ekafumi_lp4648
26,ue_0717
27,seina_lin
28,people_producer
29,mi_on.mukaichi
30,yabukinako48_cherry
31,izone_12_color
32,izone_12_color
33,izone_12_color
34,izonebunnyhk
35,izonebunnyhk
36,izonebunnyhk
37,sakunako_
38,izonebunnyhk
39,mimilee6666
40,izone.ynako
41,iz.one.zi
42,iz.one.zi
43,iz.one.zi
44,love_izone_always
45,love_izone_always
46,chaeyeonfacts
47,izone_official_news
48,izone_official_news
49,izone_official_news
50,izone_12_color
51,mimilee6666
52,natural_nako.my
53,sakuxnako
54,mimilee6666
55,iz.one.zi
56,iz.one.zi
57,iz.one.zi
58,iz.one.zi
59,iz.one.zi
60,natural_nako.my
62,iz.one.zi
63,sakuxnako
64,iz.one.zi
65,natural_nako.my
66,iz.one.zi
67,iz.one.zi
68,iz.one.zi
69,iz.one.zi
70,iz.one.zi
71,izone_12stars
72,nakosizone
73,yuka_1381_yumily
74,nakosizone
75,riichan_0206
76,jay.neruuu_
77,nakosizone
78,mimilee6666
79,mimilee6666
80,izonenakoyabuki
81,izonebunnyhk
82,izonebunnyhk
83,izonebunnyhk
84,izone_yabukinako_
85,cookie_sunny_48
86,sakunako_
87,aririn_7539
88,chatoranquality
89,sakurachen98
90,sakurachen98
91,izonebunnyhk
92,iz.one.zi
93,iz.one.zi
94,iz.one.zi
95,mimilee6666
96,izonebunnyhk
97,shuter_28
98,izone_twice
99,booya48
100,videoizone
101,chatoranquality
102,videoizone
103,videoizone
104,izonebunnyhk
105,videoizone
106,izonebunnyhk
107,mimilee6666
108,riri_izone
109,0831_jangwonyoung_izone_
110,booya48
111,izonebunnyhk
112,izonebunnyhk
113,izonebunnyhk
114,izonebunnyhk
115,izonebunnyhk
116,izonebunnyhk
117,hiro1020an
118,izone_0724
119,izone_0724
120,chitiannami
121,videoizone
122,izonejline
123,izone_12stars
124,izone_12stars
125,izone.yabukinako_
126,videoizone
127,sny.izone_
128,sakurachen98
129,sakurachen98
130,izonebunnyhk
131,sakurachen98
132,izones.nako
133,izonebunnyhk
134,kpop_lovingtense
135,videoizone
136,izonebunnyhk
137,izone_yabukinako
138,izonebunnyhk
139,videoizone
140,izonebunnyhk
141,izonebunnyhk
142,my_god_eunbi
143,izone_hitomi_fanofficial
144,sakuxnako
145,sakurachen98
146,sakuxnako
147,izone_12stars
148,videoizone
149,sakuraizone39_
150,natural_nako.my
151,videoizone
152,natural_nako.my
153,izone_12stars
154,sakunako_
155,izone_yabukinako
156,videoizone
157,once_.io8
158,videoizone
159,h3artbrak3rs
160,izone.yabukinako_
161,izone.yabukinako_
162,kocowa_japan
163,99_coco_milk
164,polytimobng
165,polytimobng
167,mi_on.mukaichi
168,izonebunnyhk
169,izonebunnyhk
170,izonebunnyhk
171,nako__izone_
172,izonebunnyhk
173,izonebunnyhk
174,izonebunnyhk
175,izone_yabukinako_
176,izone_yabukinako
177,mi_on.mukaichi
178,48g_yabukinakohk
179,izonebunnyhk
180,izonebunnyhk
181,izonebunnyhk
182,izonebunnyhk
183,izonebunnyhk
184,izonebunnyhk
185,izonebunnyhk
186,izonebunnyhk
187,izonebunnyhk
188,izonebunnyhk
189,izonebunnyhk
190,izonebunnyhk
191,izonebunnyhk
192,izonebunnyhk
193,izonebunnyhk
194,h3artbrak3rs
195,mi_on.mukaichi
196,momokachan0206
197,4846_bm_love
198,mi_on.mukaichi
199,shino_41s2
