"key","content","img_url"
"https://www.instagram.com/p/Bo-2_YyH4KG/?tagged=%E4%B8%B8%E5%B1%B1%E9%9A%86%E5%B9%B3","","https://instagram.ftpe7-4.fna.fbcdn.net/vp/20a71ee64b935e89baf016b5d3ab16c8/5BCABC62/t51.2885-15/e15/c157.0.405.405/42981692_2012362972186046_3658733653293041250_n.jpg"
"https://www.instagram.com/p/Bo88UpgDRc8/?tagged=%E4%B8%B8%E5%B1%B1%E9%9A%86%E5%B9%B3","","https://instagram.ftpe7-4.fna.fbcdn.net/vp/26fb146fca43512c220fe5528edc8a46/5BCAEDF5/t51.2885-15/e15/s640x640/43203630_325157194914560_92415101907238626_n.jpg"
"https://www.instagram.com/p/BpBpx97jCIJ/?tagged=%E4%B8%B8%E5%B1%B1%E9%9A%86%E5%B9%B3","","https://instagram.ftpe7-4.fna.fbcdn.net/vp/fa61cade8e2a0cba7ce568ce3259a849/5BCB0F85/t51.2885-15/e15/c140.0.360.360/43239780_304637633702551_8993831147856374622_n.jpg"
"https://www.instagram.com/p/BoR0_GbHuxW/?tagged=%E4%B8%B8%E5%B1%B1%E9%9A%86%E5%B9%B3","","https://instagram.ftpe7-4.fna.fbcdn.net/vp/64018c0d4015c9a693855361f8195cff/5BCAE9FA/t51.2885-15/e15/c157.0.405.405/41701407_698057977237554_6905536556821458145_n.jpg"
"https://www.instagram.com/p/BpCvLPWHF0g/?tagged=%E4%B8%B8%E5%B1%B1%E9%9A%86%E5%B9%B3","","https://instagram.ftpe7-4.fna.fbcdn.net/vp/e09cdca603111c7ab7a0f60722d18f26/5BCA8CB8/t51.2885-15/e15/c158.0.404.404/43597812_531798960616810_203400864503927442_n.jpg"
"https://www.instagram.com/p/BpCvcvHHTX3/?tagged=%E4%B8%B8%E5%B1%B1%E9%9A%86%E5%B9%B3","","https://instagram.ftpe7-4.fna.fbcdn.net/vp/3524c7fb0453eb8eefbc31cfb4bfb443/5BCACB6D/t51.2885-15/e15/c158.0.404.404/43914245_2252429468329247_4727408761199521471_n.jpg"
"https://www.instagram.com/p/BoTrZ0Cnyia/?tagged=%E4%B8%B8%E5%B1%B1%E9%9A%86%E5%B9%B3","","https://instagram.ftpe7-4.fna.fbcdn.net/vp/5161bfcad7d201d642a2ff6874743c3c/5BCAF701/t51.2885-15/e15/c160.0.400.400/41485813_690836874604812_1514310698560456193_n.jpg"
"https://www.instagram.com/p/BpCvnDaH3e3/?tagged=%E4%B8%B8%E5%B1%B1%E9%9A%86%E5%B9%B3","","https://instagram.ftpe7-4.fna.fbcdn.net/vp/57bbb90d1dc2311bc10300d0a3b1fecd/5BCA881C/t51.2885-15/e15/c158.0.404.404/43694340_275426343080782_3270157777256895380_n.jpg"
"https://www.instagram.com/p/Bo8h810nUul/?tagged=%E4%B8%B8%E5%B1%B1%E9%9A%86%E5%B9%B3","🌼🌼🌼\n．\n．\n布 団 の 上 で 人 文 字\n．\n．\n#関ジャニ∞ #関ジャニ動画 #eighterさんと繋がりたい #横山裕 #渋谷すばる #村上信五 #丸山隆平 #安田章大 #錦戸亮 #大倉忠義 #元気が出るCD #元気が出る運動会 #大山田 #ぴっぴ動画","https://instagram.ftpe7-4.fna.fbcdn.net/vp/ae85489d87b7af0553cad713c00df135/5BCACB8D/t51.2885-15/e15/c157.0.405.405/42938820_962050617317796_4089193885821590232_n.jpg"
"https://www.instagram.com/p/BpEBjw1HudA/?tagged=%E4%B8%B8%E5%B1%B1%E9%9A%86%E5%B9%B3","わたし鏡の丸ちゃんが大好きなんです\n\n#関ジャニ\n#kj8 \n#わたし鏡 \n#丸山隆平\n#eighter\n#もんじゃの1日 \n#十祭","https://instagram.ftpe7-4.fna.fbcdn.net/vp/835c487dc0a9ce1d4a06eca439870343/5C5DE22D/t51.2885-15/sh0.08/e35/s640x640/42821397_722857884716911_7884291751550381949_n.jpg"
"https://www.instagram.com/p/BpEBXvpATDz/?tagged=%E4%B8%B8%E5%B1%B1%E9%9A%86%E5%B9%B3","君が好きだよ\nこの時間がずっと続くならいいな\n君となら幸せ繋がる\nさぁここへ おいで\n\n帰り道 空見上げて\n君のことを考える\n言葉達溢れて 逢いたいな\n君の笑顔に逢いたい\n\nこの歌に乗せて\n贈るよ いつまでも\n\n#ホシイモノハ。/#丸山隆平\n(#関ジャニ∞)","https://instagram.ftpe7-4.fna.fbcdn.net/vp/4903c45fbb3d59c5eece4fb5b175292b/5C404573/t51.2885-15/sh0.08/e35/s640x640/42836026_2062029077194414_2805040028520382524_n.jpg"
"https://www.instagram.com/p/BpEAjdhhpEh/?tagged=%E4%B8%B8%E5%B1%B1%E9%9A%86%E5%B9%B3","🖤❤️💜🧡💙💛💚\n.\nこんな男前たちがバイクで爆走してきたら警察じゃなくても追いかけたくなっちゃうよね🏍\n.\n動画上手に載せれるようになりたいな…😓\n.\n#関ジャニ #横山裕 #渋谷すばる #村上信五 #丸山隆平 #安田章大 #錦戸亮 #大倉忠義 #eighterさんと繋がりたい","https://instagram.ftpe7-4.fna.fbcdn.net/vp/f8278af0b0f3212cabe3af6cca07652a/5BCB0F53/t51.2885-15/e15/c157.0.405.405/43367702_2070411739846168_4994408357703566792_n.jpg"
"https://www.instagram.com/p/BpEAY9lnROT/?tagged=%E4%B8%B8%E5%B1%B1%E9%9A%86%E5%B9%B3","#ポカホンヨコヤマ\n.\n横山くんのメガネ好きなんです〜\n.\n#関ジャニエイト#関ジャニ #kanjani8 #kj8 #eight #横山裕 #渋谷すばる #村上信五 #丸山隆平 #安田章大 #錦戸亮 #大倉忠義  #eighter #eighterさんと繋がりたい #eighterさんと仲良くなりたい #miiの加工","https://instagram.ftpe7-4.fna.fbcdn.net/vp/84eaf4912f40c005987defa10e718ee7/5C650DFE/t51.2885-15/sh0.08/e35/s640x640/43517269_588801868204190_3161870272342082767_n.jpg"
"https://www.instagram.com/p/BpEADq0FJj_/?tagged=%E4%B8%B8%E5%B1%B1%E9%9A%86%E5%B9%B3","・\n・\n新しいアイコン\n#新しいアイコン 、\n・\n・\n#丸山隆平\n#関ジャニ\n#kj8","https://instagram.ftpe7-4.fna.fbcdn.net/vp/25194c0ebf2588391941f4d7d26d9b25/5C415B0D/t51.2885-15/sh0.08/e35/s640x640/42880298_491645868009900_8541508371418457371_n.jpg"
"https://www.instagram.com/p/BpD94B9H4MN/?tagged=%E4%B8%B8%E5%B1%B1%E9%9A%86%E5%B9%B3","","https://instagram.ftpe7-4.fna.fbcdn.net/vp/3cca90ad9375a296d14a13723ff47440/5BCAB7B6/t51.2885-15/e15/43778744_321449495114102_7155110991573085560_n.jpg"
"https://www.instagram.com/p/BpD9i8WB0t6/?tagged=%E4%B8%B8%E5%B1%B1%E9%9A%86%E5%B9%B3","初投稿〜\n\n47をみてエイトさんにハマりました💫\nまずもうオープニングが爆イケすぎて！！！ #関ジャニ #横山裕 #渋谷すばる #村上信五 #丸山隆平 #安田章大 #錦戸亮 #大倉忠義 #eighterさんと繋がりたい #eighterさんと仲良くなりたい","https://instagram.ftpe7-4.fna.fbcdn.net/vp/bb12d895397dfc8f07628fa3ba07e3d2/5C893FEE/t51.2885-15/e35/c226.0.627.627/43710497_342923306478234_8423696045688485180_n.jpg"
"https://www.instagram.com/p/BpD75I3D2cA/?tagged=%E4%B8%B8%E5%B1%B1%E9%9A%86%E5%B9%B3","可愛い\n.\n.\n#丸山隆平#横山裕#関ジャニ#エイト#kj8#eighter#eighterさんと繋がりたい#eighterさんと仲良くなりたい#エイトブンノニ #ジャニ勉","https://instagram.ftpe7-4.fna.fbcdn.net/vp/df0b6fe36b810f96c4c248f6a3e2b3f9/5BCAF877/t51.2885-15/e15/c157.0.405.405/42758192_150759062545474_6821899719099250351_n.jpg"
"https://www.instagram.com/p/BpD7DIsnwYa/?tagged=%E4%B8%B8%E5%B1%B1%E9%9A%86%E5%B9%B3",".\n.\n.\n.\nえ、もう最高♡\n.\n.\n.\n前髪で目が隠れとんいい感じ🤗💕\n.\n.\n.\n.\n.\n.\n.\n#関ジャニ∞#kj8\n#丸山隆平#横山裕\n#パンぱんだ#eighter\n#リサイタル\n#真夏の俺らは罪なヤツ\n#eighterさんと繋がりたい\n#eighterさんと絡みたい\n#いいね返し#いいね返します\n#l4l","https://instagram.ftpe7-4.fna.fbcdn.net/vp/26ac208933183219035fdf38dbfc6321/5C464BC9/t51.2885-15/sh0.08/e35/s640x640/43123831_287519595197644_2492243646984995418_n.jpg"
"https://www.instagram.com/p/BpD6ESkjJmn/?tagged=%E4%B8%B8%E5%B1%B1%E9%9A%86%E5%B9%B3",".\n.\nはいかわいい～～🐶\n.\n#kanjani8 #パンぱんだ #横山裕 #丸山隆平 #あうあうー #eighterさんと繋がりたい","https://instagram.ftpe7-4.fna.fbcdn.net/vp/cb4cab762762130aeccae1529ebe406d/5C5BC385/t51.2885-15/e35/c94.0.469.469/43778964_2170733163151408_7132651757642296501_n.jpg"
"https://www.instagram.com/p/BpD5g4ljYYt/?tagged=%E4%B8%B8%E5%B1%B1%E9%9A%86%E5%B9%B3","","https://instagram.ftpe7-4.fna.fbcdn.net/vp/03afc1ed3d14e17a5fa6294b61a07b93/5BCA7EAF/t51.2885-15/e15/c157.0.405.405/43377467_718717345150522_8606177938045348694_n.jpg"
"https://www.instagram.com/p/BpD5lAwH4KY/?tagged=%E4%B8%B8%E5%B1%B1%E9%9A%86%E5%B9%B3","","https://instagram.ftpe7-4.fna.fbcdn.net/vp/ffaa42469818c522ac06d7b828420633/5BCAB4E3/t51.2885-15/e15/c157.0.405.405/43913998_285518332297630_8673429487278250971_n.jpg"
"https://www.instagram.com/p/BpD47ovDC0h/?tagged=%E4%B8%B8%E5%B1%B1%E9%9A%86%E5%B9%B3","!щ(゜▽゜щ)\n#大倉忠義  #關8 #kanjani8 #横山裕#yokoyamayou #okuratadayoshi #傑尼斯 #日本偶像 #関ジャニ∞ #gr8est #錦戸亮 #安田章大 #丸山隆平 #渋谷すばる #村上信五 #arashi #嵐 #大野智 #松本潤 #櫻井翔 #二宮和也 #相葉雅紀 #ohnosatoshi #matsumotojun #sakuraisho #ninomiakazunari #aibamasaki","https://instagram.ftpe7-4.fna.fbcdn.net/vp/68d34b9900033b4953860e8eca3cbd36/5C4A110E/t51.2885-15/sh0.08/e35/c136.0.808.808/s640x640/43302206_256343351604470_1465782891212867314_n.jpg"
"https://www.instagram.com/p/BpD4bjKDU6d/?tagged=%E4%B8%B8%E5%B1%B1%E9%9A%86%E5%B9%B3","!щ(゜▽゜щ)\n#大倉忠義  #關8 #kanjani8 #横山裕#yokoyamayou #okuratadayoshi #傑尼斯 #日本偶像 #関ジャニ∞ #gr8est #錦戸亮 #安田章大 #丸山隆平 #渋谷すばる #村上信五 #arashi #嵐 #大野智 #松本潤 #櫻井翔 #二宮和也 #相葉雅紀 #ohnosatoshi #matsumotojun #sakuraisho #ninomiakazunari #aibamasaki","https://instagram.ftpe7-4.fna.fbcdn.net/vp/2ea0b67a1eacc184287fe60d682f2345/5C8AC6E7/t51.2885-15/sh0.08/e35/c134.0.811.811/s640x640/43334584_2567121213305598_41233257417291930_n.jpg"
"https://www.instagram.com/p/BpD39dJH-1Z/?tagged=%E4%B8%B8%E5%B1%B1%E9%9A%86%E5%B9%B3","✩︎⡱2018.09.07-09 @東京ドーム\n-\n-\nGR8EST\n7日 40ゲート\n☆ スカパラさんゲスト！最強無責任ヒーロー！\n8日 23ゲート(エキサイトシート)\n☆ 近過ぎて死んだ😇ファンサの嵐！最高ー！\n9日 22ゲート(制作開放席 サイドステ)\n☆ WESTと絶対零度勢見学！安君BD！Last！\n-\n‪名古屋で見たGR8ESTより遥かに強くなってた。\n名古屋での涙を思い出すと今でも泣けるけど、\n東京では明るく逞しく成長してた気がするよ。\n安くんの怪我も名古屋で見たよりも良くなってた！\nやっぱダンスは難しいみたいだけど…\n楽器を弾く姿は遥かに動けるようになってて\n元気？の問いかけにも元気！って答えるまで\n回復してて安心した。とってもかっこよかったよ！\nお誕生日お祝いできて幸せでしたーっ😌️💓\n-\nこの先の関ジャニ∞の未来に幸あれ。\nきっと、絶対…明るいに決まってる😉♡\n_\n#GR8EST #関ジャニ∞ #eighter #東京ドーム\n#大好き #横山裕 #村上信五 #丸山隆平\n#安田章大 #錦戸亮 #大倉忠義 #💓\n#eighterさんと繋がりたい #神奈川eighter","https://instagram.ftpe7-4.fna.fbcdn.net/vp/671694ed257423cd654e6235ad6fb633/5C41C643/t51.2885-15/sh0.08/e35/s640x640/43680794_165813804361088_1563099863778589097_n.jpg"
"https://www.instagram.com/p/BpD3rLDgzqN/?tagged=%E4%B8%B8%E5%B1%B1%E9%9A%86%E5%B9%B3","","https://instagram.ftpe7-4.fna.fbcdn.net/vp/74639b683a081698ec3c433cfe19a8bb/5BCACDA4/t51.2885-15/e15/41866893_478009446029336_5495526465150221342_n.jpg"
"https://www.instagram.com/p/BpD3FEJHRaj/?tagged=%E4%B8%B8%E5%B1%B1%E9%9A%86%E5%B9%B3","✩︎⡱2018.07.23 @愛知 ナゴヤドーム\n-\n-\nGR8EST スタンド 上手側 (メンステ横)🍼♡♡\n-\n-\n今までに体感したことの無いような雰囲気で…\nあの時の感情は一生忘れないと思う。\n‪名古屋ラスト…エイトが思いを馳せた最後の挨拶。\n札幌からの4公演目で大阪まで約1ヶ月空くこの時\n緊張の糸が切れたじゃないけど…\nきっと彼ら自身も感じたものは大きくて\nいい意味で消化できた事もあったと思う。\n凄く色々な感情伝わってきた。\n私自身も思う事はあったけど…全力で楽しんだ！\n-\n-\n#関ジャニ∞ #GR8EST #名古屋 #ナゴド #8\n#錦戸亮 #丸山隆平 #安田章大 #大倉忠義\n#村上信五 #横山裕 #eighter #ありがとう #💓\n#関ジャニ8を好きになって10年以上変わらない思い\n#eighterさんと繋がりたい #eighterさんフォロバ \n#関ジャニ好きな人と繋がりたい","https://instagram.ftpe7-4.fna.fbcdn.net/vp/564312a7dd443f325eb0be1e99f01ac9/5C546B7E/t51.2885-15/sh0.08/e35/s640x640/43662618_335755850527929_1752316682118107628_n.jpg"
"https://www.instagram.com/p/BpD2rRoh840/?tagged=%E4%B8%B8%E5%B1%B1%E9%9A%86%E5%B9%B3","ｼﾞｬﾆ勉に\nAmiﾁｬﾝがｹﾞｽﾄで出る回が\nあるの???\n田舎は遅れて放送だｹﾄﾞ\n絶対観たぃ♡~(>᎑<`๑)♡\n*\neightとAmiﾁｬﾝの\n絡みなんてｻｲｺｰすぎる♡♡♡\n*\n2018.10.18\n#関ジャニ#eighter\n#横山裕#村上信五#丸山隆平\n#安田章大#錦戸亮#大倉忠義\n#渋谷すばる#大人eighter\n#今までもこれからもずーっとeighter \n#ｼﾞｬﾆ勉\n#dream_ami\n#楽しみすぎる絡み\n#いつ放送かなぁ\n*\n*\n*\nいいねのみで\nなかなか絡まなくてｽｲﾏｾﾝ｡","https://instagram.ftpe7-4.fna.fbcdn.net/vp/789771d75d43137708ea421e3af18838/5C5B57F5/t51.2885-15/sh0.08/e35/s640x640/42885935_248230769165207_4028041845813302914_n.jpg"
"https://www.instagram.com/p/BpD2iGsnhnB/?tagged=%E4%B8%B8%E5%B1%B1%E9%9A%86%E5%B9%B3","兵庫・芦屋 ええやん 2／∞\n横🖤＆丸ちゃん🧡\n記憶力がよくないと言われた横と\n頭の回転がよくないと言われた丸ちゃん…(*´-`)❁﻿笑\n\n#関ジャニ#エイト#ジャニ勉#横山裕#村上信五#丸山隆平#安田章大#錦戸亮#大倉忠義#eighter","https://instagram.ftpe7-4.fna.fbcdn.net/vp/7ae758d5831338d5c3920f781474ceee/5BCA91B0/t51.2885-15/e15/c157.0.405.405/43914958_316696535808456_1630309573951602231_n.jpg"
"https://www.instagram.com/p/BpD2hs3BmVK/?tagged=%E4%B8%B8%E5%B1%B1%E9%9A%86%E5%B9%B3","#オタ垢#eighterさんと繋がりたい #関ジャニ#７人#横山裕 #渋谷すばる#村上信五#丸山隆平#安田章大#錦戸亮#大倉忠義","https://instagram.ftpe7-4.fna.fbcdn.net/vp/8c1e1504bbde95b096ffb303dc629fe5/5C47C2CB/t51.2885-15/sh0.08/e35/s640x640/43452150_1896351944006304_4324778231444698593_n.jpg"
"https://www.instagram.com/p/BpD2ByBnPBs/?tagged=%E4%B8%B8%E5%B1%B1%E9%9A%86%E5%B9%B3","∞\nアップを心待ちにしていた丸ちゃんの番🍊\nなーのーに 時差グラム🤔笑\n毎秒好きすぎてスクショ大変&選べない‥💕\nくらまるちゃんかわいい❤️💚\n.\n#カラこの#カラこのアレンジめし\n#まだやってないけど\n#横山裕#渋谷すばる#村上信五\n#丸山隆平#安田章大#錦戸亮#大倉忠義\n#関ジャニ#エイト#eighter#大人eighter","https://instagram.ftpe7-4.fna.fbcdn.net/vp/a6a4f93ec05b2c517b60c972334a0f28/5C45F69B/t51.2885-15/e35/c104.0.268.268/41813736_1950007071760263_8303617748180866270_n.jpg"
"https://www.instagram.com/p/BpD1fAmlWAE/?tagged=%E4%B8%B8%E5%B1%B1%E9%9A%86%E5%B9%B3","","https://instagram.ftpe7-4.fna.fbcdn.net/vp/660229d7fec956ca52e8554c3a7895c6/5BCA7780/t51.2885-15/e15/c140.0.360.360/42934488_2104593066241312_7471331908111771017_n.jpg"
"https://www.instagram.com/p/BpD0Lg3hQ8O/?tagged=%E4%B8%B8%E5%B1%B1%E9%9A%86%E5%B9%B3",".\n追加公演まであとちょうど1ヶ月¨̮♡⃛\n年内ラスト説濃厚なのに#サナマイ 別々に入るとか\nシンプルに辛すぎるけど楽しめますように（ ; ; ）\n.\n#GR8EST #kanjani8 #kanjanieight #kanjani #eighter #eighterさんと繋がりたい #eighterさんと仲良くなりたい #関ジャニ∞ #横山裕 #村上信五 #丸山隆平 #安田章大 #錦戸亮 #大倉忠義 #隠しきれないヲタク #隠すつもりもないヲタク #うちわ文字 #わーーーージャニオタさんと繋がるお時間がまいりましたいっぱい繋がりましょ #ジャニヲタ #love #instaphoto #instapic #instagood #instalike #l4l #lfl #いいね返し\n.\n#dior #ribbon","https://instagram.ftpe7-4.fna.fbcdn.net/vp/8823af4df157096d41833fa1fe65cbdd/5C406706/t51.2885-15/sh0.08/e35/s640x640/42826028_422257291641893_4427248437239610533_n.jpg"
"https://www.instagram.com/p/BpD0GkghVfM/?tagged=%E4%B8%B8%E5%B1%B1%E9%9A%86%E5%B9%B3","NEWアカウント🙌🙌\nてゆっても昔使ってたアカウント♡\n前のバグひどすぎて\n1つも更新できなくなった😭😭\nインスタ最近不具合多い。。😭\n.\n最近いろいろ編んでるけど\nやっぱりミニマムレンジャー達が\n1番愛着ある😂😂\n可愛い😂自信作♡♡\n.\n#ハンドメイド #編み物 #かぎ針 #関ジャニ #ジャニーズ #エイトレンジャー #手作り #編みぐるみ #handmade  #エイター #eighter #錦戸亮 #渋谷すばる #安田章大 #大倉忠義 #村上信五 #横山裕 #丸山隆平 #キーホルダー #関ジャニハンドメイド #ジャニーズハンドメイド #ハンドメイド販売","https://instagram.ftpe7-4.fna.fbcdn.net/vp/1a882c478b8cd318ed5fc94df47618bf/5C59E8C0/t51.2885-15/sh0.08/e35/s640x640/44180374_323002241810273_3713807121027712535_n.jpg"
"https://www.instagram.com/p/BpDzDsvHNnK/?tagged=%E4%B8%B8%E5%B1%B1%E9%9A%86%E5%B9%B3","","https://instagram.ftpe7-4.fna.fbcdn.net/vp/3fe031b31e5e79a0746414a1d118eaab/5BCB16A9/t51.2885-15/e15/c157.0.405.405/43985519_1220455531441099_6196748928545680490_n.jpg"
"https://www.instagram.com/p/BpDyk7Tnj4l/?tagged=%E4%B8%B8%E5%B1%B1%E9%9A%86%E5%B9%B3","","https://instagram.ftpe7-4.fna.fbcdn.net/vp/f78b8dc212ebe62096a6fe5b3c0d8f29/5BCAF7C6/t51.2885-15/e15/c157.0.405.405/43913428_176821183172348_3314646423146643421_n.jpg"
"https://www.instagram.com/p/BpDyaVZjFMF/?tagged=%E4%B8%B8%E5%B1%B1%E9%9A%86%E5%B9%B3","","https://instagram.ftpe7-4.fna.fbcdn.net/vp/97ffe2436658df8dddb1456efd6c7ae3/5BCA993D/t51.2885-15/e15/c158.0.404.404/42847985_314438229350483_8410278191677263363_n.jpg"
"https://www.instagram.com/p/BpDxL6cDjD2/?tagged=%E4%B8%B8%E5%B1%B1%E9%9A%86%E5%B9%B3","","https://instagram.ftpe7-4.fna.fbcdn.net/vp/c15b9ba5b49125a6171c8e85c8f5fadc/5BCA7867/t51.2885-15/e15/42783956_476864416150858_2672286366783370475_n.jpg"
"https://www.instagram.com/p/BpDwic4HkA0/?tagged=%E4%B8%B8%E5%B1%B1%E9%9A%86%E5%B9%B3","","https://instagram.ftpe7-4.fna.fbcdn.net/vp/1d5d6a210c5f25f1ee98be2d2cdea2f9/5BCA74C9/t51.2885-15/e15/c157.0.405.405/43503449_1720506864742691_1897623317491160485_n.jpg"
"https://www.instagram.com/p/BpDwkD2n57g/?tagged=%E4%B8%B8%E5%B1%B1%E9%9A%86%E5%B9%B3","11月17日、18日まるちゃんに会いに行けます〜ホッ\nしかし若干の想定外が😓\n17日はどうしてもピンポイントで習い事と重なり、\n18日は仕事というかほぼボランティアで動く抜けられない予定が…\nとりあえずコンサートにはダッシュで間に合います💨が、ぼろぼろの予感😭\n余裕を持って行動したいから、\nこの状況はちょい苦手ですが、バッチリシュミレーションして挑みます←オーバー\nこういう時デジチケの同時入場システムが嫌だわぁ\n一緒に行く人に迷惑かけたくないーー\n\n#丸山隆平 #まるたー #eighter #大人eighter #マルヤマスキー #丸ちゃん大好き","https://instagram.ftpe7-4.fna.fbcdn.net/vp/5803be569a2d7bb63c07552ae8022b8d/5C53EDA7/t51.2885-15/sh0.08/e35/s640x640/43654657_1987664444589515_1359231453368703243_n.jpg"
"https://www.instagram.com/p/BpDwC38HK-i/?tagged=%E4%B8%B8%E5%B1%B1%E9%9A%86%E5%B9%B3","","https://instagram.ftpe7-4.fna.fbcdn.net/vp/6c6bd0eaa24b69003305ced240179f40/5BCAB43C/t51.2885-15/e15/c157.0.405.405/42785525_314213516037810_5406282446906810537_n.jpg"
"https://www.instagram.com/p/BpDv_DRnOly/?tagged=%E4%B8%B8%E5%B1%B1%E9%9A%86%E5%B9%B3","☆クレープ・シュゼットが紹介されました☆\n昨晩、関西テレビ「関ジャニ∞のジャニ勉」で芦屋本店が紹介されました！\n関ジャニ∞の丸山隆平さん、横山裕さんが芦屋本店でクレープ・シュゼットを試食。\n「うま～い」とお言葉をいただきました😋\n\nクレープ・シュゼットは、芦屋本店だけではなく、酒蔵通り店、銀座メゾン店でもお召し上がりいただける商品ですので、是非一度ご賞味ください♪\n\n#アンリシャルパンティエ #henricharpentier #アンリ #ashiya #クレープシュゼット #関ジャニ∞ #ジャニ勉 #丸山隆平 さん #横山裕 さん #芦屋本店 #酒蔵通り店 #銀座メゾン #ginza","https://instagram.ftpe7-4.fna.fbcdn.net/vp/e8ba8cb18ec87d40f5ec913c573ce30f/5C528680/t51.2885-15/sh0.08/e35/s640x640/43052081_249710645896905_750835143945849925_n.jpg"
"https://www.instagram.com/p/BpDvD59HZEg/?tagged=%E4%B8%B8%E5%B1%B1%E9%9A%86%E5%B9%B3","🌈\n﻿﻿﻿﻿﻿﻿﻿﻿﻿﻿﻿﻿﻿﻿﻿﻿﻿﻿﻿﻿﻿﻿﻿﻿﻿﻿﻿﻿\n『Making』﻿﻿﻿﻿﻿﻿﻿﻿﻿﻿﻿﻿﻿﻿﻿\n﻿﻿﻿﻿﻿﻿﻿﻿﻿﻿﻿﻿﻿﻿﻿﻿﻿﻿﻿﻿﻿﻿﻿﻿\n﻿﻿﻿﻿﻿﻿﻿﻿﻿﻿﻿\n﻿﻿﻿﻿﻿﻿﻿﻿﻿﻿﻿﻿﻿﻿﻿#スワイプすれば愛すべき7人﻿﻿﻿﻿﻿﻿﻿﻿﻿﻿﻿\n﻿﻿﻿﻿﻿﻿﻿﻿﻿﻿﻿\n﻿﻿﻿ ﻿﻿﻿﻿﻿﻿﻿﻿\n﻿﻿﻿﻿﻿﻿﻿\n最後のやすばが可愛さ爆発〜\n﻿﻿﻿﻿﻿﻿﻿﻿\n﻿﻿\n﻿﻿﻿﻿﻿﻿﻿﻿\n﻿﻿﻿﻿﻿﻿﻿﻿﻿﻿﻿\n#関ジャニ #関ジャニエイト #関ジャニ8 #渋谷すばる #eighter #eighterさんと繋がりたい #eighterさんと仲良くなりたい #関ジャニ大好き芸人 #すばるくん大好き芸人 #7人を忘れるな #kanjani8 #kanjaniseightertainment #kanjanieight #7人を忘れるな #不滅のす担 #大倉忠義 #横山裕 #村上信五 #丸山隆平 #安田章大 #錦戸亮  #渋谷すばるがある生活","https://instagram.ftpe7-4.fna.fbcdn.net/vp/9df3ee40138c14a4f98dfbd069337cf8/5C405026/t51.2885-15/sh0.08/e35/s640x640/44000110_501672980301240_5472168806751899549_n.jpg"
"https://www.instagram.com/p/BpDtxLVnDdx/?tagged=%E4%B8%B8%E5%B1%B1%E9%9A%86%E5%B9%B3","🌈❤️💜\n﻿﻿﻿﻿﻿﻿﻿﻿﻿﻿﻿﻿﻿﻿﻿﻿﻿﻿﻿﻿﻿﻿﻿﻿﻿﻿﻿﻿\n『Janiben』﻿﻿﻿﻿﻿﻿﻿﻿﻿﻿﻿﻿﻿﻿﻿\n﻿﻿﻿﻿﻿﻿﻿﻿﻿﻿﻿﻿﻿﻿﻿﻿﻿﻿﻿﻿﻿﻿﻿﻿\n﻿﻿﻿﻿﻿﻿﻿﻿﻿﻿﻿\n﻿﻿﻿﻿﻿﻿﻿﻿﻿﻿﻿﻿﻿﻿﻿#スワイプすれば愛すべき7人﻿﻿﻿﻿﻿﻿﻿﻿﻿﻿﻿\n﻿﻿﻿﻿﻿﻿﻿﻿﻿﻿﻿\n﻿﻿﻿ ﻿﻿﻿﻿﻿﻿﻿﻿\n﻿﻿﻿﻿﻿﻿﻿\n大好きな松原.\n﻿﻿﻿﻿﻿﻿﻿﻿\n﻿﻿\n﻿﻿﻿﻿﻿﻿﻿﻿\n﻿﻿﻿﻿﻿﻿﻿﻿﻿﻿﻿\n#関ジャニ #関ジャニエイト #関ジャニ8 #渋谷すばる #eighter #eighterさんと繋がりたい #eighterさんと仲良くなりたい #関ジャニ大好き芸人 #すばるくん大好き芸人 #7人を忘れるな #kanjani8 #kanjaniseightertainment #kanjanieight #7人を忘れるな #不滅のす担 #大倉忠義 #横山裕 #村上信五 #丸山隆平 #安田章大 #錦戸亮  #渋谷すばるがある生活  #ジャニ勉  #松原 #3タックno1","https://instagram.ftpe7-4.fna.fbcdn.net/vp/ba8106756ac4248b1ca710ad6706a214/5C537F61/t51.2885-15/sh0.08/e35/s640x640/43765876_2209055706050100_3128300240506598905_n.jpg"
"https://www.instagram.com/p/BpDs_cxHtHq/?tagged=%E4%B8%B8%E5%B1%B1%E9%9A%86%E5%B9%B3","🧡❤️\n﻿﻿﻿﻿﻿﻿﻿﻿﻿﻿﻿﻿﻿﻿﻿﻿﻿﻿﻿﻿﻿﻿﻿﻿﻿﻿﻿﻿\n『ER』﻿﻿﻿﻿﻿﻿﻿﻿﻿﻿﻿﻿﻿﻿﻿\n﻿﻿﻿﻿﻿﻿﻿﻿﻿﻿﻿﻿﻿﻿﻿﻿﻿﻿﻿﻿﻿﻿﻿﻿\n﻿﻿﻿﻿﻿﻿﻿﻿﻿﻿﻿\n﻿﻿﻿﻿﻿﻿﻿﻿﻿﻿﻿﻿﻿﻿﻿#スワイプすれば愛すべき7人﻿﻿﻿﻿﻿﻿﻿﻿﻿﻿﻿\n﻿﻿﻿﻿﻿﻿﻿﻿﻿﻿﻿\n﻿﻿﻿ ﻿﻿﻿﻿﻿﻿﻿﻿\n﻿﻿﻿﻿﻿﻿﻿\n丸ちゃんのこのすばるくんの言いなり感ね、、\n﻿﻿﻿﻿﻿﻿﻿﻿\n﻿﻿\n﻿﻿﻿﻿﻿﻿﻿﻿\n﻿﻿﻿﻿﻿﻿﻿﻿﻿﻿﻿\n#関ジャニ #関ジャニエイト #関ジャニ8 #渋谷すばる #eighter #eighterさんと繋がりたい #eighterさんと仲良くなりたい #関ジャニ大好き芸人 #すばるくん大好き芸人 #7人を忘れるな #kanjani8 #kanjaniseightertainment #kanjanieight #7人を忘れるな #不滅のす担 #大倉忠義 #横山裕 #村上信五 #丸山隆平 #安田章大 #錦戸亮  #渋谷すばるがある生活  #まるすば #er #エイトレンジャー","https://instagram.ftpe7-4.fna.fbcdn.net/vp/2fc661aba32f1528a084ed88b396aa9e/5C5D3A5A/t51.2885-15/sh0.08/e35/s640x640/43312752_1186549184829137_7645548153973501655_n.jpg"
"https://www.instagram.com/p/BpDsmt-D0pY/?tagged=%E4%B8%B8%E5%B1%B1%E9%9A%86%E5%B9%B3","","https://instagram.ftpe7-4.fna.fbcdn.net/vp/10fe77630d4d3e64a3094ddc303b9784/5BCAEDFF/t51.2885-15/e15/43375017_1883834171704882_3251433514610156621_n.jpg"
"https://www.instagram.com/p/BpDsZiVDawR/?tagged=%E4%B8%B8%E5%B1%B1%E9%9A%86%E5%B9%B3","","https://instagram.ftpe7-4.fna.fbcdn.net/vp/01ad76f83b94fb16de10ea4f8360b362/5BCAFAB8/t51.2885-15/e15/c157.0.405.405/42775769_317944312332712_4183250354415697106_n.jpg"
"https://www.instagram.com/p/BpDshQfnU8Y/?tagged=%E4%B8%B8%E5%B1%B1%E9%9A%86%E5%B9%B3","🌈❤️\n﻿﻿﻿﻿﻿﻿﻿﻿﻿﻿﻿﻿﻿﻿﻿﻿﻿﻿﻿﻿﻿﻿﻿﻿﻿﻿﻿﻿\n『MayonakanoOsushiQuiz』﻿﻿﻿﻿﻿﻿﻿﻿﻿﻿﻿﻿﻿﻿﻿\n﻿﻿﻿﻿﻿﻿﻿﻿﻿﻿﻿﻿﻿﻿﻿﻿﻿﻿﻿﻿﻿﻿﻿﻿\n﻿﻿﻿﻿﻿﻿﻿﻿﻿﻿﻿\n﻿﻿﻿﻿﻿﻿﻿﻿﻿﻿﻿﻿﻿﻿﻿#スワイプすれば愛すべき7人﻿﻿﻿﻿﻿﻿﻿﻿﻿﻿﻿\n﻿﻿﻿﻿﻿﻿﻿﻿﻿﻿﻿\n﻿﻿﻿ ﻿﻿﻿﻿﻿﻿﻿﻿\n﻿﻿﻿﻿﻿﻿﻿\nこのすばるくん愛おしすぎて涙出てくる\n﻿﻿﻿﻿﻿﻿﻿﻿\n﻿﻿\n﻿﻿﻿﻿﻿﻿﻿﻿\n﻿﻿﻿﻿﻿﻿﻿﻿﻿﻿﻿\n#関ジャニ #関ジャニエイト #関ジャニ8 #渋谷すばる #eighter #eighterさんと繋がりたい #eighterさんと仲良くなりたい #関ジャニ大好き芸人 #すばるくん大好き芸人 #7人を忘れるな #kanjani8 #kanjaniseightertainment #kanjanieight #7人を忘れるな #不滅のす担 #大倉忠義 #横山裕 #村上信五 #丸山隆平 #安田章大 #錦戸亮  #渋谷すばるがある生活  #真夜中のお寿司クイズ","https://instagram.ftpe7-4.fna.fbcdn.net/vp/186fd18e59ab9142554c2c2d3219d39a/5C420AA9/t51.2885-15/sh0.08/e35/s640x640/43064245_546136712466717_572985208614888440_n.jpg"
"https://www.instagram.com/p/BpDq9uDDYlT/?tagged=%E4%B8%B8%E5%B1%B1%E9%9A%86%E5%B9%B3",".\nGR8ESTへの道。\n.\n#関ジャニ #kanjani8 #横山裕 #村上信五 #丸山隆平 #安田章大 #錦戸亮 #大倉忠義 #eighter #eighterさんと繋がりたい #eighterさんと仲良くなりたい #eighterさんと友達になりたい #いいね返し","https://instagram.ftpe7-4.fna.fbcdn.net/vp/ff0e75ea9e9d098a1e930b5609c8d244/5C643805/t51.2885-15/sh0.08/e35/s640x640/42698924_583304502086157_3854617629043468359_n.jpg"
"https://www.instagram.com/p/BpDqGsJDvkN/?tagged=%E4%B8%B8%E5%B1%B1%E9%9A%86%E5%B9%B3","","https://instagram.ftpe7-4.fna.fbcdn.net/vp/f3ade0f9085a7f9b97b95709d8ca13c6/5BCAD359/t51.2885-15/e15/c157.0.405.405/43914426_543326009472716_1264091020561708891_n.jpg"
"https://www.instagram.com/p/BpDpg8xHzPK/?tagged=%E4%B8%B8%E5%B1%B1%E9%9A%86%E5%B9%B3","☺︎_____2018.10.18\n·\n急に寒ない？寒くて動かれへんてぇ\n隣おってよー！あったかいやんその方がぁ\n·\nなーんて言ってほしいな､たぁくんには💚\n※たぁくんとか初めて言ったし！はっず(ᯅ̈ )笑\n·\n∞••┈┈┈┈┈┈┈┈┈┈┈┈┈┈┈┈••∞\n#関ジャニ #エイト #関ジャニエイト #kanjani8 #kj8 #eighter #大人eighter #eighterさんと繋がりたい #大人eighterさんと繋がりたい #横山裕 #渋谷すばる #村上信五 #丸山隆平 #安田章大 #錦戸亮 #大倉忠義 #eightとeighterの絆は無限大  #たぁくん","https://instagram.ftpe7-4.fna.fbcdn.net/vp/a7e178bf2f62bc3c6288e382cd5a46ac/5C53EFC7/t51.2885-15/sh0.08/e35/s640x640/43778948_1127169497457708_7673988590408738072_n.jpg"
"https://www.instagram.com/p/BpDoUYfn205/?tagged=%E4%B8%B8%E5%B1%B1%E9%9A%86%E5%B9%B3",".\n・\nあの跡こそが貴方の生きた証であって、それ以外のなにものでもない。\n・\n・\n他にとらわれて他がどうかばかりを気にせず貴方を、貴方らしく、貴方だけが生きて。\n・\nいつかの歌詞に似てるね。\nやっぱり運命共同体だね。\n・\n・\n#関ジャニ∞ #横山裕 #渋谷すばる #村上信五 #丸山隆平 #安田章大 #錦戸亮 #大倉忠義 #eighter #関ジャニだからスバらしい #eighterさんと繋がりたい #1984","https://instagram.ftpe7-4.fna.fbcdn.net/vp/4f774065be3ac5f3cf8b74e891199c29/5C59712E/t51.2885-15/e35/43203635_322842548495083_5455900151153534177_n.jpg"
"https://www.instagram.com/p/BpDmJNzFRbL/?tagged=%E4%B8%B8%E5%B1%B1%E9%9A%86%E5%B9%B3","✴︎\n.\n.\nあと 1ヶ月 切った 〜\n23 日 、ドーム に 向かってた 時 の\nあの 衝撃 は 忘れへん …\nショック の 分 、存分 に 楽しむ 準備 は 出来てる ‼︎\nめちゃくちゃ 楽しみ ‼︎ ❤︎\n.\n.\n#live #osaka #kyoseradome  #kanjani8 #kj8 #gr8est #eighter #eighterさんと繋がりたい #関ジャニ #横山裕 #渋谷すばる #村上信五 #丸山隆平 #安田章大 #錦戸亮 #大倉忠義 #love #f4f #like4likes #instagood #instalike #followme","https://instagram.ftpe7-4.fna.fbcdn.net/vp/2253d0d8d9d9d1802663de03f2710c47/5C4C63B3/t51.2885-15/sh0.08/e35/s640x640/43779607_885179618538627_6480752650782062915_n.jpg"
"https://www.instagram.com/p/BpDls3uHlQv/?tagged=%E4%B8%B8%E5%B1%B1%E9%9A%86%E5%B9%B3","","https://instagram.ftpe7-4.fna.fbcdn.net/vp/da03b8625ae08de0fa1fc647fa6fe7ac/5BCA902D/t51.2885-15/e15/c157.0.406.406/43023160_248663612481559_2729931280606914272_n.jpg"
"https://www.instagram.com/p/BpDls_ADmVO/?tagged=%E4%B8%B8%E5%B1%B1%E9%9A%86%E5%B9%B3","丸(*´∇｀*)\n#大倉忠義  #關8 #kanjani8 #横山裕#yokoyamayou #okuratadayoshi #傑尼斯 #日本偶像 #関ジャニ∞ #gr8est #錦戸亮 #安田章大 #丸山隆平 #渋谷すばる #村上信五 #arashi #嵐 #大野智 #松本潤 #櫻井翔 #二宮和也 #相葉雅紀 #ohnosatoshi #matsumotojun #sakuraisho #ninomiakazunari #aibamasaki","https://instagram.ftpe7-4.fna.fbcdn.net/vp/da652ce921029423f0cf981fd54bc856/5C8ADA2C/t51.2885-15/e35/c236.0.608.608/44209752_244112696462020_3316925386825635467_n.jpg"
"https://www.instagram.com/p/BpDlnd-D6zv/?tagged=%E4%B8%B8%E5%B1%B1%E9%9A%86%E5%B9%B3","大倉!щ(゜▽゜щ)\n#大倉忠義  #關8 #kanjani8 #横山裕#yokoyamayou #okuratadayoshi #傑尼斯 #日本偶像 #関ジャニ∞ #gr8est #錦戸亮 #安田章大 #丸山隆平 #渋谷すばる #村上信五 #arashi #嵐 #大野智 #松本潤 #櫻井翔 #二宮和也 #相葉雅紀 #ohnosatoshi #matsumotojun #sakuraisho #ninomiakazunari #aibamasaki","https://instagram.ftpe7-4.fna.fbcdn.net/vp/6ab596352f2303b0d4ba148e37a834e9/5C4CD9C6/t51.2885-15/e35/c236.0.608.608/43206154_542692492822377_2313616577443783146_n.jpg"
"https://www.instagram.com/p/BpBzr_qHdF_/?tagged=%E4%B8%B8%E5%B1%B1%E9%9A%86%E5%B9%B3","：\nこの写真お気に入り🌟\nみんなで素な感じがたまらなく好き〜\n·\n·\n·\n#関ジャニ #エイト #eighterさんと繋がりたい #kj8 #安田章大\n#大倉忠義 #丸山隆平 #横山裕 #錦戸亮 #渋谷すばる #村上信五\n#おしゃれeighterさんと繋がりたい #いいね返し","https://instagram.ftpe7-4.fna.fbcdn.net/vp/363d84ef1fefe9b38483f71f499fd4a5/5C5F4ABA/t51.2885-15/sh0.08/e35/c135.0.809.809/s640x640/42674817_334159320492308_1551344130546334832_n.jpg"
"https://www.instagram.com/p/BWkOYlQA2W5/?tagged=%E4%B8%B8%E5%B1%B1%E9%9A%86%E5%B9%B3","","https://instagram.ftpe7-4.fna.fbcdn.net/vp/31b0b151847eda323d30bdbe816b81bd/5BCAFEBF/t51.2885-15/e15/c156.0.408.408/19985198_159410794603966_6632356152808046592_n.jpg"
"https://www.instagram.com/p/BpDlj2Wj_N-/?tagged=%E4%B8%B8%E5%B1%B1%E9%9A%86%E5%B9%B3","最高です(*´∇｀*)\n#大倉忠義  #關8 #kanjani8 #横山裕#yokoyamayou #okuratadayoshi #傑尼斯 #日本偶像 #関ジャニ∞ #gr8est #錦戸亮 #安田章大 #丸山隆平 #渋谷すばる #村上信五 #arashi #嵐 #大野智 #松本潤 #櫻井翔 #二宮和也 #相葉雅紀 #ohnosatoshi #matsumotojun #sakuraisho #ninomiakazunari #aibamasaki","https://instagram.ftpe7-4.fna.fbcdn.net/vp/387e815b514ac22d3b71d71fa81a36c3/5C880A91/t51.2885-15/e35/c236.0.608.608/43093961_282999345880348_8586763849347651888_n.jpg"
"https://www.instagram.com/p/BpDjgmdng2o/?tagged=%E4%B8%B8%E5%B1%B1%E9%9A%86%E5%B9%B3",".\n.\n.\n.\n#関ジャニ∞.\n#丸山隆平.\n#eighterさんと繋がりたい.\n#eighterさんと仲良くなりたい.","https://instagram.ftpe7-4.fna.fbcdn.net/vp/8cab07a5cea5a23ed967185f2876184e/5C5CE7DB/t51.2885-15/sh0.08/e35/s640x640/42799864_313293922805820_3258241243913650176_n.jpg"
"https://www.instagram.com/p/BpDjAiKnNu3/?tagged=%E4%B8%B8%E5%B1%B1%E9%9A%86%E5%B9%B3","・\nおはようございます☀️\n学校のレポートが溜まりすぎてて\nやらないとまずい！！！😂\n・\nこの丸ちゃん可愛い🧡\nなんか親近感湧く🤣🧡\n#関ジャ二∞\n#eight\n#eighter\n#ここに\n#丸山隆平\n#丸ちゃん\n#eighterさんと繋がりたい \n#eighterさんと仲良くなりたい","https://instagram.ftpe7-4.fna.fbcdn.net/vp/ac5b3e495c1b322351dd1768dbb93eba/5C5F5E0A/t51.2885-15/e35/c236.0.607.607/43913848_309416339644828_6609611713667189433_n.jpg"
"https://www.instagram.com/p/BpDgaBMjgr7/?tagged=%E4%B8%B8%E5%B1%B1%E9%9A%86%E5%B9%B3","夏のライブにむけてオレンジリップ探し🧡\n元々オレンジ苦手なので色々調べたり見て購入決めたもの🧡\nオレンジ苦手やのに今はすっかりオレンジばかり買ってしまう😂🧡\n何を買うのもオレンジ😂🧡\nどんだけオレンジに染まりたいやろ😂🧡\n♡\n♡\n結果ライブにつけたものは1枚目のルージュディオールリキッド🧡\nちょっとメタリックで派手😳🍊\n♡\n♡\nどのタイプも落ちにくい🧡\n♡\n♡\n#オレンジ\n#オレンジリップ\n#オレンジ探し\n#Dior\n#ディオール\n#vavimello \n#ルージュディオールリキッド\n#ルージュディオールリキッド635\n#ディオールアディクトラッカープランプ \n#ディオールアディクトラッカープランプ538\n#ディオールアディクトリップティント\n#ディオールアディクトリップティント641\n#ルージュディオール\n#ルージュディオール636\n#ハートウィンドウリップティント\n#ハートウィンドウリップティント01\n#オレンジ好き\n#マルター\n#オレンジ担当\n#丸山隆平\n#コスメ\n#コスメ好き\n#コスメ購入品 \n#コスメオタク \n#コスメ好きさんと繋がりたい \n#コスメスウォッチ","https://instagram.ftpe7-4.fna.fbcdn.net/vp/227935bcfcffe8207a7eecca955077fc/5C46DE9F/t51.2885-15/sh0.08/e35/s640x640/43040815_378689562870668_7992297187673241395_n.jpg"
"https://www.instagram.com/p/BpDf-R3hVaU/?tagged=%E4%B8%B8%E5%B1%B1%E9%9A%86%E5%B9%B3","💚\n.\n.\n当選祈願しに行ってよかった\n追加公演当たりました震えた、、\n大倉くんに会えます\n.\n帝劇はダメだったけど\nまだ諦めてません。。\n.\n.\n#当選祈願 #皆中稲荷神社 #絵馬\n#大倉忠義 #関ジャニエイト\n#関ジャニ #横山裕 #渋谷すばる #村上信五\n#丸山隆平 #安田章大 #錦戸亮 #凱旋公演\n#岸優太 #帝劇 #ジャニアイ","https://instagram.ftpe7-4.fna.fbcdn.net/vp/11fc24b43444882989d4289a8501a464/5C44B419/t51.2885-15/sh0.08/e35/c135.0.810.810/s640x640/43778462_489969041480273_6649447682982723769_n.jpg"
"https://www.instagram.com/p/BpDf0Pgn4PF/?tagged=%E4%B8%B8%E5%B1%B1%E9%9A%86%E5%B9%B3","香港のお友達がわざわざ送ってくれたの！\n今日来たの！！\n重いのに申し訳なかったよぉ😭😭\nレートの関係で割高だけどさ🤣\n嬉しいよー😍\n章ちゃんの銀テまで😭😭😭 #章ちゃんへの愛を垂れ流し#安田章大の破壊力 #安田章大のありえないくらいかっこいい画像貼って安田担殺せ #安田章大が好きすぎてしんどい倶楽部 #安田章大は天使 #安田章大に癒され隊  #グレイテスト#gr8est\n#関ジャニ#関ジャニエイト#eighterさんと繋がりたい#eighterさんと仲良くなりたい#隠しきれないヲタク#エイト#kj8#横山裕#村上信五#渋谷すばる#丸山隆平#錦戸亮#安田章大#大倉忠義#大人eighter#大人eighterさんと繋がりたい","https://instagram.ftpe7-4.fna.fbcdn.net/vp/eb9e4c2a40e30171a0c0909c44dfa7f1/5C888ED9/t51.2885-15/sh0.08/e35/s640x640/42920988_555425778221206_8216814362109290728_n.jpg"
"https://www.instagram.com/p/BpDfe1OnuTo/?tagged=%E4%B8%B8%E5%B1%B1%E9%9A%86%E5%B9%B3","","https://instagram.ftpe7-4.fna.fbcdn.net/vp/de5d14ed93eea284a59d1617853edc47/5BCA81EA/t51.2885-15/e15/c157.0.405.405/42724850_1949147215166933_338894753941889968_n.jpg"
"https://www.instagram.com/p/BpDfDJZnWvc/?tagged=%E4%B8%B8%E5%B1%B1%E9%9A%86%E5%B9%B3","","https://instagram.ftpe7-4.fna.fbcdn.net/vp/b1b86b69c3596a297996f20863f8458e/5BCA1F5B/t51.2885-15/e15/c157.0.405.405/43778323_287484558641357_4017399436863015924_n.jpg"
"https://www.instagram.com/p/BpDeCWlHFgd/?tagged=%E4%B8%B8%E5%B1%B1%E9%9A%86%E5%B9%B3","このテロップと丸ちゃんの表情が好きなんだよな〜\n\n#kj8 #丸山隆平 #丸ちゃん #丸山隆平🍊","https://instagram.ftpe7-4.fna.fbcdn.net/vp/a725529bce1d84d17b8d7a5503659759/5C56D794/t51.2885-15/e35/c164.0.421.421/43209300_344790612964074_2790339412161797809_n.jpg"
"https://www.instagram.com/p/BpDdgdclT6k/?tagged=%E4%B8%B8%E5%B1%B1%E9%9A%86%E5%B9%B3","ギャップの塊\nまるちゃんのベース🧡\n・\n・\n#関ジャニ #関ジャニエイト #大人エイター #丸山隆平 #jam","https://instagram.ftpe7-4.fna.fbcdn.net/vp/f1f99dd2e6102f787d6801a6724a874a/5C3F10DA/t51.2885-15/sh0.08/e35/s640x640/43419261_2203820196519587_8069937626566319546_n.jpg"
"https://www.instagram.com/p/BpDdbIBnXps/?tagged=%E4%B8%B8%E5%B1%B1%E9%9A%86%E5%B9%B3",".\n全てがパーフェクトで\nハイクオリティーやと思う。\n.\n#fightfortheeight\n.\nイケビジュ選手権したら\n全員イケてて選べないやつ。\n.\nすばるくんと安くん、\nパンク似合いすぎててヤバい(*´◒`*)\n.\n大倉くんはイケメン爆発してるし\n横山くんと亮ちゃんは可愛さとかっこよさがツボ✨\n優しくて面白い人な認識やった村上くんを初めてカッコいいと思った👏\n丸山くんは好き過ぎて語り尽くせない🧡\n.\nこの曲のベースめっちゃ好き🧡🧡\nカッコいい✨\n.\n#関ジャニエイト \n#関ジャニ8 \n#丸山隆平 \n#渋谷すばる \n#安田章大\n#大倉忠義 \n#横山裕 \n#村上信五 \n#大人eighter \n#大人eighterさんと繋がりたい","https://instagram.ftpe7-4.fna.fbcdn.net/vp/0e13edc123334ea024c2d9d2ea4f75ee/5C591B11/t51.2885-15/e35/c164.0.421.421/42905524_349797842255081_7727284264057951868_n.jpg"
"https://www.instagram.com/p/BpDcrssHiMw/?tagged=%E4%B8%B8%E5%B1%B1%E9%9A%86%E5%B9%B3","なぎしやんから﻿\n1人でエイトレンジャー着よかな。笑﻿\n﻿\nお尻だけ∞マークつけて💛﻿\n白字わ汚れたら嫌やから﻿\nあえての黒字にして💛﻿\n﻿\n﻿\n#関ジャニ #関ジャニエイト #eighter #大人eighter #錦戸亮 #大倉忠義 #安田章大 #横山裕 #丸山隆平 #村上信五 #渋谷すばる #内博貴 #gr8est #追加公演 #当選 #ありがとうございます #神席祈願 #亮ちゃん #どっくん #好きすぎてずっとニヤニヤ #オタクじゃなくてヲタク","https://instagram.ftpe7-4.fna.fbcdn.net/vp/b8a0fe5e6d1da3040b74bdca0433628b/5C508768/t51.2885-15/e35/c239.0.601.601/43914491_305196736875461_160207731530621711_n.jpg"
"https://www.instagram.com/p/BpDb9nRhA51/?tagged=%E4%B8%B8%E5%B1%B1%E9%9A%86%E5%B9%B3","∞_ymd800_ob “山田コンビ”\n.\nお値段丸ごとSHOWTIME、見たいなあ。\n山田コンビ。\n.\n#安田章大 #丸山隆平 \n#関ジャニ #kj8 \n#eighterさんと繋がりたい \n#eighterさんと仲良くなりたい","https://instagram.ftpe7-4.fna.fbcdn.net/vp/ef610c4720ef35803d7d25002d384222/5C444F79/t51.2885-15/e35/42571052_1571771832924043_5461546264814882674_n.jpg"
"https://www.instagram.com/p/BpDY3BTDMP9/?tagged=%E4%B8%B8%E5%B1%B1%E9%9A%86%E5%B9%B3",".﻿\n﻿\n﻿\n″すごはち″シリーズ 始めました﻿\n﻿\n8周年期の倉安ほんとに好き、、、﻿\n﻿\n﻿\n﻿\n#関ジャニ﻿\n#kanjani8 #kj8﻿\n#横山裕﻿\n#yokoyamayou﻿\n#渋谷すばる﻿\n#shibutanisubaru﻿\n#村上信五﻿\n#murakamishingo﻿\n#丸山隆平﻿\n#maruyamaryuhei﻿\n#安田章大﻿\n#yasudashota﻿\n#錦戸亮﻿\n#nishikidoryo﻿\n#大倉忠義﻿\n#okuratadayoshi﻿\n#すごはち﻿\n#eighterさんと繋がりたい","https://instagram.ftpe7-4.fna.fbcdn.net/vp/ed79a56d546b0f87447ec16dcbe769f4/5BCB0BE7/t51.2885-15/e15/s640x640/43817977_2243789872565464_453942478000878667_n.jpg"
"https://www.instagram.com/p/BpDXw2ADL_V/?tagged=%E4%B8%B8%E5%B1%B1%E9%9A%86%E5%B9%B3","","https://instagram.ftpe7-4.fna.fbcdn.net/vp/1234fd3c264a95e545206404c38da477/5BCB0F42/t51.2885-15/e15/c157.0.405.405/44254758_356118345132508_2759490834437862384_n.jpg"
"https://www.instagram.com/p/BpDXjaYHsx0/?tagged=%E4%B8%B8%E5%B1%B1%E9%9A%86%E5%B9%B3","_\n少しずつ\n寒くてなってきたね\n_\n_\n着る服\n困る🤔\n_\n_\nこの間に入れてもらえたら…\n暖かそうだね💕💕\n#関ジャニ∞\n#丸山隆平 #大倉忠義 #錦戸亮 #安田章大\n#渋谷すばる #横山裕 #村上信五\n201∞1018","https://instagram.ftpe7-4.fna.fbcdn.net/vp/7dce406587b2e456a3e43bc89419a3a1/5C54B2F9/t51.2885-15/sh0.08/e35/c106.0.868.868/s640x640/43354092_2190742604270342_5723998893979479852_n.jpg"
"https://www.instagram.com/p/BpDXb7gHsFK/?tagged=%E4%B8%B8%E5%B1%B1%E9%9A%86%E5%B9%B3","☺︎_____2018.10.18\n·\nどーしよ､やっば🤩笑\nなんーも手につかない( ꒪ͧ⌓꒪ͧ)\n目の前にある洗濯物も干したくないw\nリアルに冬眠したいー🐻💚\n·\n∞••┈┈┈┈┈┈┈┈┈┈┈┈┈┈┈┈••∞\n#関ジャニ #エイト #関ジャニエイト #kanjani8 #kj8 #eighter #大人eighter #eighterさんと繋がりたい #大人eighterさんと繋がりたい #横山裕 #渋谷すばる #村上信五 #丸山隆平 #安田章大 #錦戸亮 #大倉忠義 #eightとeighterの絆は無限大  #たぁくん","https://instagram.ftpe7-4.fna.fbcdn.net/vp/c4585e3cc0ee066a8d1e2117065e0e0c/5C575E92/t51.2885-15/sh0.08/e35/s640x640/43779326_695539634151745_8611776859143693115_n.jpg"
"https://www.instagram.com/p/BpDW52SnJJE/?tagged=%E4%B8%B8%E5%B1%B1%E9%9A%86%E5%B9%B3","ツギハギベア∞\n.\nハロウィンぽくできたかな？\n.\nいつもより色を濃いめで作ってラメを入れたり、目にストーンを乗せてみたり。\n.\n関ジャニ∞のメンバーカラーで作ってみたけど､､､イマイチ…？\n.\n#関ジャニ∞#大人エイターさんと友達になりたい #ハンドメイド#レジン#ハロウィン#ツギハギベア#クマ#bare#大倉忠義#安田章大#渋谷すばる#錦戸亮#丸山隆平#横山裕#村上信五","https://instagram.ftpe7-4.fna.fbcdn.net/vp/dcf49d596f66d9bf8b5d668a1627bc11/5C599F39/t51.2885-15/sh0.08/e35/s640x640/43277519_488596601549723_7385063977093660305_n.jpg"
"https://www.instagram.com/p/BpDWILij2gY/?tagged=%E4%B8%B8%E5%B1%B1%E9%9A%86%E5%B9%B3","♡2018.10.17\nこの1ページの この1枚のために\n今週もまた テレビ誌を手にするんだよね...😅\nそしてまた1週間があっという間に過ぎて 水曜日になる\nそんなこと思っていると ひと月なんてきっとあっという間だよね😊\n・\n一難去ってまた一難...\n発表が終わって ほっとするのもつかの間\n新たな依頼が2件もきた...\nそして遅くなってバレーもまたお休み💧\nだからこその癒しのマルちゃん🧡\n・\n#丸山隆平 #マルちゃん\n#私のサプリメント\n#疲れも吹っ飛ぶこの笑顔\n#横には横山さん","https://instagram.ftpe7-4.fna.fbcdn.net/vp/f8fb6d456415ef307d881f64f6f5529c/5C5A1FC0/t51.2885-15/sh0.08/e35/s640x640/42933328_2231111013786606_337202915650768406_n.jpg"
"https://www.instagram.com/p/BpDWGh8jmv3/?tagged=%E4%B8%B8%E5%B1%B1%E9%9A%86%E5%B9%B3","ㅤㅤㅤㅤㅤ\nㅤㅤㅤ\nㅤㅤㅤㅤㅤ\nㅤㅤㅤㅤ\nLIFE ~ 目の前の向こうへ ~\nㅤㅤㅤㅤ\nGR8ESTで大号泣した この曲 、すばるくんの歌声が恋しい\nㅤㅤㅤㅤㅤ\n#関ジャニ #横山裕 #渋谷すばる #村上信五 #丸山隆平 #安田章大 #錦戸亮 #大倉忠義 #2010 #LIFE目の前の向こうへ #eighterさんと繋がりたい","https://instagram.ftpe7-4.fna.fbcdn.net/vp/200b0341a4e1e499636066b0cfb9457a/5BCAD0C9/t51.2885-15/e15/c157.0.405.405/43180157_176934786577397_1089960136112444485_n.jpg"
"https://www.instagram.com/p/BpDVUXTnTIP/?tagged=%E4%B8%B8%E5%B1%B1%E9%9A%86%E5%B9%B3","☁︎\nお人形さんとまるちゃん\n#eighter \n#eighterさんと繋がりたい \n#eighterさんと仲良くなりたい \n#関ジャニ\n#村上信五\n#横山裕\n#丸山隆平\n#錦戸亮\n#大倉忠義\n#安田章大\n#渋谷すばる\n#kanjani8","https://instagram.ftpe7-4.fna.fbcdn.net/vp/b4e4c533ff40347186b364250d3bb1cf/5C8A3B41/t51.2885-15/sh0.08/e35/s640x640/43653371_1422872581190068_8104236900379891252_n.jpg"
"https://www.instagram.com/p/BpDThLPnHXq/?tagged=%E4%B8%B8%E5%B1%B1%E9%9A%86%E5%B9%B3","木曜日、今日は朝から忙しいけど\n明日はお休み😊もう少しで土曜日🍊\n失敗しないよう気をつけよう💜\n#丸山隆平#関ジャニ∞#エイターさんありがとう#エイターさんと繋がりたい\n#エイターさんとの出会いに感謝","https://instagram.ftpe7-4.fna.fbcdn.net/vp/5122181fbd4e2e47deb92ec41edab75c/5C5FBE45/t51.2885-15/sh0.08/e35/s640x640/42839365_353600172052399_2767444733006097075_n.jpg"
"https://www.instagram.com/p/BpDSUaJH-_7/?tagged=%E4%B8%B8%E5%B1%B1%E9%9A%86%E5%B9%B3","☺︎_____2018.10.18\n·\n寒い…10月ってこんな寒いっけ？\n昨日の夜ご飯の豚汁はしみたなー😭\nまだ残ってるからたーべよ♡←なんの話\n·\n∞••┈┈┈┈┈┈┈┈┈┈┈┈┈┈┈┈••∞\n#関ジャニ #エイト #関ジャニエイト #kanjani8 #kj8 #eighter #大人eighter #eighterさんと繋がりたい #大人eighterさんと繋がりたい #横山裕 #渋谷すばる #村上信五 #丸山隆平 #安田章大 #錦戸亮 #大倉忠義 #eightとeighterの絆は無限大  #たぁくん","https://instagram.ftpe7-4.fna.fbcdn.net/vp/56525cf5cb7305d8ac6c778be20724b2/5C4652FA/t51.2885-15/sh0.08/e35/s640x640/42885353_728980994146178_7301354154795854014_n.jpg"
"https://www.instagram.com/p/BpDOaY1H8Fy/?tagged=%E4%B8%B8%E5%B1%B1%E9%9A%86%E5%B9%B3","かわいいなぁ💕\n#関ジャニ \n#横山裕 \n#村上信五 \n#丸山隆平 \n#錦戸亮 \n#安田章大 \n#大倉忠義","https://instagram.ftpe7-4.fna.fbcdn.net/vp/01c2f6f9dce374f2d1894d68e61a9510/5C49937B/t51.2885-15/sh0.08/e35/s640x640/43778616_283055485879337_2600400884635747262_n.jpg"
"https://www.instagram.com/p/BpDNJiegD_f/?tagged=%E4%B8%B8%E5%B1%B1%E9%9A%86%E5%B9%B3","\n約束という名の嘘になる前に\n#関ジャニ #丸山隆平 #eighterさんと繋がりたい","https://instagram.ftpe7-4.fna.fbcdn.net/vp/d3d805dccc1c8e445c6a49af0ce5ce3a/5C55C33A/t51.2885-15/sh0.08/e35/s640x640/43817745_280040806181220_7842865755877646557_n.jpg"
"https://www.instagram.com/p/BpDKofOHVlK/?tagged=%E4%B8%B8%E5%B1%B1%E9%9A%86%E5%B9%B3","ジャニ勉の指差し道\n\n将来妻の機嫌を取るために正座して洗濯物を畳んでそうなのは？\n\n満場一致で丸ちゃん\n\n村上さん「やすも東京から指差してるわ」  #安田章大  #丸山隆平","https://instagram.ftpe7-4.fna.fbcdn.net/vp/5b15516688e3d776d7c1697a44a672c6/5C65E8F4/t51.2885-15/sh0.08/e35/s640x640/42918842_447431682330443_8371394154549294888_n.jpg"
"https://www.instagram.com/p/BpC_YSXgcdi/?tagged=%E4%B8%B8%E5%B1%B1%E9%9A%86%E5%B9%B3","SNS全然やってこなかったから(ROM専だった)ストーリーとやらがなんなのか全く分からず最近やっと、多分こうやって使うのか？って分かってきてやってみようと思うけど中々踏み出せない23歳。そのうち使ってみよ(*¯꒳¯* )\n\n#画像まったく関係ない\n#ただツブサニコイ大好き\n#丸山隆平 #関ジャニ","https://instagram.ftpe7-4.fna.fbcdn.net/vp/b470450cc75dd6a179cfcd63448174b4/5C58B878/t51.2885-15/e35/c29.0.516.516/42816073_1771462919646754_2517162441946339441_n.jpg"
"https://www.instagram.com/p/BpC_N-4DOu0/?tagged=%E4%B8%B8%E5%B1%B1%E9%9A%86%E5%B9%B3","#関ジャニ#丸山隆平#大倉忠義#eighterさんと繋がりたい","https://instagram.ftpe7-4.fna.fbcdn.net/vp/95ce1e6584ad51dddee1b2730b0aeb22/5C5ECB02/t51.2885-15/sh0.08/e35/c0.135.1080.1080/s640x640/43740439_515436715603743_195804550920692640_n.jpg"
"https://www.instagram.com/p/BpC-ZsVnBLb/?tagged=%E4%B8%B8%E5%B1%B1%E9%9A%86%E5%B9%B3","*\n落選だ😭😭😭\n当たった方々羨ましい😣\n*\n*\n#GR8EST\n#京セラドーム \n#関ジャニ\n#eight\n#横山裕\n#youyokoyama \n#渋谷すばる \n#subarushibutani \n#村上信五 \n#shingomurakami \n#丸山隆平 \n#ryuheimaruyama \n#安田章大 \n#shotayasuda \n#錦戸亮 \n#ryonishikido \n#大倉忠義 \n#tadayoshiokura\n#eighterさんと繋がりたい","https://instagram.ftpe7-4.fna.fbcdn.net/vp/b6379d52f0496601f9257262644ec2b1/5C4129E7/t51.2885-15/sh0.08/e35/c0.66.863.863/s640x640/43081826_714862065548506_5573712158002996363_n.jpg"
"https://www.instagram.com/p/BpC6XsJn4XP/?tagged=%E4%B8%B8%E5%B1%B1%E9%9A%86%E5%B9%B3","","https://instagram.ftpe7-4.fna.fbcdn.net/vp/3ddb52497d874a5ed39d5da325539bfa/5BCA76A5/t51.2885-15/e15/c158.0.404.404/42431958_2190730714514907_1845033005521343346_n.jpg"
"https://www.instagram.com/p/BpC3fvwna1W/?tagged=%E4%B8%B8%E5%B1%B1%E9%9A%86%E5%B9%B3",".\n.\n🙇‍♀️ご協力お願いします🙇‍♀️\n.\n.\n写真の整理してて、発売時期順に\n並べ替えているんですけど\n時期がわからないのが数枚あるので\nわかる方教えていただきたいです😭\n.\n.\nストーリーにあげてるのでわかるかた\nご協力お願いします🙇‍♀️🙇‍♀️\n.\n.\n.\n#関ジャニ\n#eighterさんと繋がりたい \n#eighterさんと仲良くなりたい \n#ご協力おねがいします \n#大倉忠義 #錦戸亮 #安田章大 #丸山隆平\n#村上信五 #渋谷すばる #横山裕\n#この写真お気に入り❤️ #大倉さんかわいすぎる \n#ワーてゆってそう💚","https://instagram.ftpe7-4.fna.fbcdn.net/vp/f764d8e53381620abdd6c75385d79bf3/5C89F9A2/t51.2885-15/sh0.08/e35/s640x640/42986584_1956643377727717_678050807151046459_n.jpg"
"https://www.instagram.com/p/BpCLLqqnwl4/?tagged=%E4%B8%B8%E5%B1%B1%E9%9A%86%E5%B9%B3","追加公演当選💗\nありがとう😭😭\n自名義は見事に外れ😂😂💔\n#関ジャニ∞#エイト#KJ8\n#村上信五#横山裕#丸山隆平\n#安田章大#錦戸亮#大倉忠義\n#ツアー#追加公演#大阪","https://instagram.ftpe7-4.fna.fbcdn.net/vp/26fc8888c52826f8d80acaaaebeef959/5C885091/t51.2885-15/sh0.08/e35/c0.120.964.964/s640x640/42949603_286112958907424_505826049035095556_n.jpg"
"https://www.instagram.com/p/BpBcy5dHQcA/?tagged=%E4%B8%B8%E5%B1%B1%E9%9A%86%E5%B9%B3","ふとした瞬間寂しくなる\nこれは永遠に続くんやろな\n#関ジャニ∞#エイト#KJ8\n#渋谷すばる#村上信五#横山裕\n#丸山隆平#安田章大#錦戸亮#大倉忠義","https://instagram.ftpe7-4.fna.fbcdn.net/vp/97b6b95e70aeb4ab317355fae89d7542/5C5154A4/t51.2885-15/sh0.08/e35/s640x640/42842544_487798845057716_7911770862454437433_n.jpg"
"https://www.instagram.com/p/BoRU8NOBs7b/?tagged=%E4%B8%B8%E5%B1%B1%E9%9A%86%E5%B9%B3","2012／12／31 関ジャニ∞紅白初出場\n#関ジャニ8  #紅白歌合戦 #村上信五  #横山裕  #渋谷すばる  #錦戸亮  #丸山隆平  #ジャニーズ","https://instagram.ftpe7-4.fna.fbcdn.net/vp/e53859fecfa0abdb6b912d3b216f8b65/5C6068BD/t51.2885-15/sh0.08/e35/s640x640/41543391_241269246518335_5798045152761589397_n.jpg"
"https://www.instagram.com/p/BpC2j5gjWRc/?tagged=%E4%B8%B8%E5%B1%B1%E9%9A%86%E5%B9%B3","","https://instagram.ftpe7-4.fna.fbcdn.net/vp/23183a2fe76a259cf038cbf49b9fc0c6/5BCB0DA0/t51.2885-15/e15/c157.0.405.405/43607969_313186386071362_6840233262599216815_n.jpg"
"https://www.instagram.com/p/BpC1B2MDsMr/?tagged=%E4%B8%B8%E5%B1%B1%E9%9A%86%E5%B9%B3","なんで行けへん人おるのに、行かれへん人が申し込んでチケット売ってんの？\n友達名義とかならまぁありがちな話やけど、初めからチケ売る気しかない人ってなんなん？\n#関ジャニ∞\n#横山裕\n#渋谷すばる \n#村上信五\n#丸山隆平\n#安田章大\n#錦戸亮\n#大倉忠義","https://instagram.ftpe7-4.fna.fbcdn.net/vp/de0fecc4466353fe0f1b625df2cdd15d/5C648301/t51.2885-15/sh0.08/e35/s640x640/42944919_2242629359345689_6640412076488527113_n.jpg"
"https://www.instagram.com/p/BpC0IevjH3H/?tagged=%E4%B8%B8%E5%B1%B1%E9%9A%86%E5%B9%B3","行きたかったなぁ😭😭😭😭😭😭\n#京セラドーム\n#GR8EST\n#GR8EST追加公演\n#一緒に連れて行ってくれる人いませんか😭\n#関ジャニ∞\n#横山裕\n#渋谷すばる \n#村上信五\n#丸山隆平\n#安田章大\n#錦戸亮\n#大倉忠義","https://instagram.ftpe7-4.fna.fbcdn.net/vp/dd6599734814a501f670e4766067cf3a/5C5F77F9/t51.2885-15/sh0.08/e35/c15.0.1050.1050/s640x640/43680005_2099653867012159_2399716599677511334_n.jpg"
"https://www.instagram.com/p/BpCzO7-HFZ9/?tagged=%E4%B8%B8%E5%B1%B1%E9%9A%86%E5%B9%B3","","https://instagram.ftpe7-4.fna.fbcdn.net/vp/1b2dbd59b261b629d23f2c22025cbac0/5BCABDE8/t51.2885-15/e15/c157.0.405.405/43751072_252998432015378_608435803577603460_n.jpg"
"https://www.instagram.com/p/BpCy9xIDZLt/?tagged=%E4%B8%B8%E5%B1%B1%E9%9A%86%E5%B9%B3","","https://instagram.ftpe7-4.fna.fbcdn.net/vp/24bb3b7b763faada62f453165e8d2828/5BCAA89F/t51.2885-15/e15/c139.0.361.361/43154192_282468839053012_3641721901821973327_n.jpg"
"https://www.instagram.com/p/BpCyyosj5Jk/?tagged=%E4%B8%B8%E5%B1%B1%E9%9A%86%E5%B9%B3","","https://instagram.ftpe7-4.fna.fbcdn.net/vp/571dcadba5f614ac096b4983a55f9116/5BCA97F7/t51.2885-15/e15/c138.0.336.336/42732735_333678887180495_452941931501332525_n.jpg"
"https://www.instagram.com/p/BpCydNIne6V/?tagged=%E4%B8%B8%E5%B1%B1%E9%9A%86%E5%B9%B3","","https://instagram.ftpe7-4.fna.fbcdn.net/vp/4030b37cb7328754db2cee1301a85b9b/5BCAB932/t51.2885-15/e15/c157.0.405.405/43913540_536381293492697_3031716190498617290_n.jpg"
"https://www.instagram.com/p/BpCx8Gijzp5/?tagged=%E4%B8%B8%E5%B1%B1%E9%9A%86%E5%B9%B3","","https://instagram.ftpe7-4.fna.fbcdn.net/vp/d385f73ed6dd7dfaaed8f5a209e7872e/5BCAF559/t51.2885-15/e15/c140.0.360.360/42783959_279206359590265_1094062991723536112_n.jpg"
"https://www.instagram.com/p/BpCxs0Anmgx/?tagged=%E4%B8%B8%E5%B1%B1%E9%9A%86%E5%B9%B3","","https://instagram.ftpe7-4.fna.fbcdn.net/vp/638eadf8751bedd4a30252df97dcb19c/5BCAB8AF/t51.2885-15/e15/c157.0.405.405/43818197_463300267496869_6940667369802479317_n.jpg"
